variable,cci,cmi,cpi,exi,imi,ppi,cor,ex,exp,fod,imp,pfod,pgas,pstl,rate,RM,set,covid,netex,gcpi,gcci,gppi,gimi,gexi,gcmi,ft,wage,mwage,poil,unem,newcovidcases,difcovid,trendcovid,pagri
31/1/2015,43.3,108.7,97.17,94.8,87,99.7,97.24,32.7344,"563,090,331,671",94.11,5.83E+11,100.7119592,28.04193548,120.2676339,2,5830624.34,1581.25,0,-19909668329,-0.41,46.78,-5.4,-10.77,-3.95,-2.8,58.96,13567.39,300,45.98,0.61,0,0,0,135.4895162
28/2/2015,42.4,107.8,97.28,95,87.2,100.1,97.32,32.5734,"557,940,200,127",93.84,5.52E+11,98.45041149,28.47142857,115.8085549,2,5753924.77,1587.01,0,5940200127,-0.52,58.8,-4.9,-10.66,-3.55,-3.8,58.96,13128.16,300,55.83,0.61,0,0,0,139.7595389
31/3/2015,40,107.4,97.45,95.1,86.7,100.6,97.26,32.6314,"610,463,334,673",94.28,5.68E+11,95.60566822,29.3516129,113.2301785,1.75,5724515.86,1505.94,0,42463334673,-0.57,45.45,-5,-11.17,-3.84,-4.5,58.96,13117.87,300,54.91,0.94,0,0,0,135.9994981
30/4/2015,38.8,107.5,97.47,95.2,87.3,100.7,97.38,32.5095,"548,206,411,273",95.26,5.72E+11,94.69689517,28.06,111.072908,1.5,5902407.32,1526.74,0,-23793588727,-1.04,30.2,-5.4,-10.19,-3.74,-4.3,58.96,13296.71,300,58.8,0.94,0,0,0,133.7822604
31/5/2015,38.9,107.3,97.63,95.5,88,102,97.43,33.5519,"592,417,175,158",95.59,5.21E+11,95.0304851,29.08064516,117.0163029,1.5,5990285.01,1496.05,0,71417175158,-1.27,36.49,-4.8,-9.47,-3.34,-4.3,49.61,13330.52,300,63.69,0.94,0,0,0,134.2142814
30/6/2015,38.9,107,97.73,95.5,88.2,101.6,97.47,33.7274,"603,058,469,847",95.65,6.05E+11,94.54320673,29.57,111.9650817,1.5,6033680.55,1504.55,0,-1941530153,-1.07,1.3,-3.7,-9.54,-3.44,-4.6,49.61,13394.92,300,61.78,0.88,0,0,0,136.8823763
31/7/2015,33.7,106.4,97.66,94.8,87.4,100.3,97.58,34.2996,"608,588,577,931",96.26,5.90E+11,93.80322138,28.42903226,102.1171717,1.5,6141343.69,1440.12,0,18588577931,-1.05,-18.6,-3.8,-10.36,-4.34,-5.3,49.61,13908.1,300,56.25,0.88,0,0,0,133.732053
31/8/2015,34.6,105.8,97.45,93.7,85.4,99.4,97.6,35.4176,"604,318,855,311",96.33,5.86E+11,89.56419417,27.82903226,100.6920908,1.5,6085877.93,1382.41,0,18318855311,-1.19,-21.36,-3.8,-12.14,-5.16,-5.6,49.61,13429.36,300,47.22,0.88,0,0,0,133.9777498
30/9/2015,35.4,105,97.4,93,84,99.2,97.67,36.0195,"665,537,064,495",96.51,5.73E+11,89.01970146,26.39333333,100.7819389,1.5,6138251.23,1349,0,92537064495,-1.07,-22.71,-3.6,-12.59,-5.39,-6.1,46.38,13451.26,300,46.15,0.92,0,0,0,131.6014425
31/10/2015,36.2,104.1,97.59,93.1,83.9,99.3,97.72,35.7177,"661,143,011,053",97.37,5.93E+11,90.36950869,26.50322581,98.0743919,1.5,6063562.7,1394.94,0,68143011053,-0.77,-21.48,-3.1,-11.5,-4.61,-6.5,46.38,14166.6,300,46.55,0.92,0,0,0,130.0263657
30/11/2015,37.6,103.3,97.28,92.8,82.6,98.9,97.77,35.7774,"602,017,827,701",95.98,5.98E+11,87.70669525,25.54666667,90.21397529,1.5,6005437.87,1359.7,0,4017827701,-0.97,-14.93,-3,-10.99,-4.13,-6.7,-3.23,13501.29,300,42.22,0.92,0,0,0,126.3635954
31/12/2015,37.2,102.7,96.9,92.5,80.9,98.2,97.75,36.0128,"608,941,540,810",95.52,5.63E+11,87.06100573,24.19677419,86.01373841,1.5,6066850.84,1288.02,0,45941540810,-0.85,-15.84,-4.1,-10.51,-3.34,-6.7,-3.23,13627.88,300,34.77,0.8,0,0,0,126.8981338
31/1/2016,36.4,102.1,96.65,92.1,79.8,97,97.81,36.1612,"562,748,361,607",95.12,5.62E+11,84.86123842,23.42903226,85.25909451,1.5,6053787.95,1300.98,0,748361607,-0.53,-15.94,-2.71,-8.28,-2.85,-6.2,-4.8,13652.66,300,27,0.8,0,0,0,126.1970256
29/2/2016,38.1,102.4,96.79,92.1,79.9,97,97.98,35.6037,"683,420,333,292",95.88,5.10E+11,86.04638342,22.37586207,89.32162593,1.5,6363924.31,1332.37,0,1.73E+11,-0.5,-10.14,-3.1,-8.37,-3.05,-5,-4.8,13435.83,300,29.5,0.8,0,0,0,128.3346887
31/3/2016,36,103,97,92.9,81.1,97.8,97.99,35.2376,"678,143,656,740",95.53,5.78E+11,87.42220494,23.43225806,96.92018542,1.5,6656824.37,1407.7,0,1.00E+11,-0.46,-10,-2.78,-6.46,-2.31,-4.1,-4.8,13398.93,300,35.18,0.97,0,0,0,130.506369
30/4/2016,35.8,104.7,97.53,93.4,82.4,98.8,98.13,35.0916,"542,074,060,748",97.54,5.21E+11,89.17734607,23.95333333,99.06680724,1.5,6750769.35,1404.61,0,21074060748,0.07,-7.73,-1.89,-5.61,-1.89,-2.6,-4.8,13499.85,300,39.04,0.97,0,0,0,136.8674349
31/5/2016,35.5,105.7,98.08,94.2,83.6,100.3,98.18,35.4475,"614,455,050,856",100.79,5.64E+11,90.58383942,25.16774194,95.82934425,1.5,6827131.32,1424.28,0,50455050856,0.46,-8.74,-1.67,-5,-1.36,-1.5,-33.29,13857.61,300,43.95,0.97,0,0,0,141.3886695
30/6/2016,35.1,104.2,98.11,94.6,84.4,100,98.26,35.3053,"642,598,627,985",100.31,5.78E+11,93.83605926,25.05333333,95.01398305,1.5,6839405.32,1444.99,0,64598627985,0.38,-9.77,-1.57,-4.31,-0.94,-2.6,-33.29,13620.35,300,45.83,1.08,0,0,0,140.5034762
31/7/2016,33.8,102.2,97.77,94.6,84.4,99.6,98.31,35.0756,"596,638,718,426",98.98,5.69E+11,92.97317259,24.03870968,100.4410182,1.5,6872595.38,1524.07,0,27638718426,0.1,0.3,-0.7,-3.43,-0.21,-3.9,-33.29,14182,300,42.62,1.08,0,0,0,146.4176824
31/8/2016,38.9,102.4,97.73,94.3,84.9,99.1,98.38,34.7255,"651,390,562,390",99.14,5.86E+11,95.29472433,23.75,102.2409145,1.5,6923135.23,1548.44,0,65390562390,0.29,12.43,-0.3,-0.59,0.64,-3.2,-33.29,13589.03,300,43.74,1.08,0,0,0,144.9345929
30/9/2016,36.2,103,97.77,94.4,85,98.9,98.4,34.732,"668,163,235,019",98.46,5.85E+11,96.08610043,24.85,100.0072252,1.5,6965735.75,1483.21,0,83163235019,0.38,2.26,-0.3,1.19,1.51,-1.9,-33.29,13645.32,300,43.74,0.94,0,0,0,135.9827338
31/10/2016,36.4,102.5,97.92,94.6,85.5,99.1,98.43,35.05,"613,246,272,413",98.16,6.12E+11,95.92635655,25.74655172,101.129979,1.5,7076772.69,1495.72,0,1246272413,0.34,0.55,-0.2,1.91,1.61,-1.6,-33.29,14194.69,300,48.26,0.94,0,0,0,127.8701149
30/11/2016,35.7,102.9,97.87,94.6,84.8,98.7,98.46,35.3196,"657,540,941,641",98.04,6.09E+11,95.79927862,25.46,115.2364308,1.5,7040816.52,1510.24,0,48540941641,0.6,-5.05,-0.2,2.66,1.94,-0.4,-33.29,13881.58,300,43.77,0.94,0,0,0,130.403709
31/12/2016,39.1,103.6,97.99,95.1,85.3,99.5,98.47,35.807,"640,284,246,816",97.13,6.13E+11,95.08635695,26.86612903,119.5333919,1.5,7078506.43,1542.94,0,27284246816,1.13,5.11,1.32,5.44,2.81,0.9,-33.29,13716.48,300,51.78,0.97,0,0,0,139.0678749
31/1/2017,39.2,104.6,98.15,95.5,86.4,100.6,98.54,35.4316,"609,358,958,785",96.87,5.86E+11,97.70243056,27.63064516,121.3683445,1.5,7134867.25,1577.31,0,23358958785,1.55,7.69,3.71,8.27,3.69,2.4,-37.29,13494.69,305,53.58,0.97,0,0,0,144.5545933
28/2/2017,40.4,104.5,98.19,96,87,101.4,98.56,35.0182,"646,217,202,296",96.43,5.95E+11,98.11906988,28.1,128.7232452,1.5,7183416.34,1559.56,0,51217202296,1.44,6.04,4.54,8.89,4.23,2.1,-37.29,13425.74,305,54.32,0.97,0,0,0,145.0549858
31/3/2017,38.5,104.6,97.74,96,86.8,100.7,98.6,34.8955,"726,298,580,230",94.98,6.72E+11,96.24032816,26.93709677,127.2143447,1.5,7148898.35,1575.11,0,54298580230,0.76,6.94,2.97,7.03,3.34,1.6,-37.29,13285.77,305,51.07,1.21,0,0,0,143.3148543
30/4/2017,36.1,104.4,97.9,96.5,87.5,100.4,98.62,34.4512,"581,621,652,882",95.59,5.82E+11,95.13627144,27.36,116.8921713,1.5,7334244.25,1566.32,0,-378347118,0.38,0.84,1.62,6.19,3.32,-0.3,-37.29,13449.28,305,51.95,1.21,0,0,0,140.7057802
31/5/2017,40.3,103.4,98.04,96.7,87.3,99.9,98.63,34.4535,"681,050,722,953",96.45,6.51E+11,97.39986983,26.87258065,111.665433,1.5,7325625.4,1561.66,0,30050722953,-0.04,13.52,-0.4,4.43,2.65,-2.2,-24.77,13519.74,305,50.53,1.21,0,0,0,136.5527796
30/6/2017,39.5,103.5,98.06,96.8,86.9,98.8,98.7,33.9992,"688,303,791,496",97.7,6.31E+11,97.96606697,25.82333333,109.8600453,1.5,7369604.18,1574.74,0,57303791496,-0.05,12.54,-1.2,2.96,2.33,-0.7,-24.77,13951.62,305,46.21,1.22,0,0,0,132.090215
31/7/2017,38.6,103.9,97.93,97,87.2,98.3,98.78,33.7497,"636,156,692,445",96.62,6.47E+11,100.2324052,25.71129032,117.1869147,1.5,7367469.12,1576.08,0,-10843307555,0.17,14.2,-1.31,3.32,2.54,1.7,-24.77,13906.05,305,47.55,1.22,0,0,0,127.2580324
31/8/2017,38.4,105.7,98.04,97.7,88,98.5,98.83,33.2624,"711,994,878,676",95.88,6.42E+11,99.33833022,26.66290323,127.0156278,1.5,7563924.27,1616.16,0,69994878676,0.32,-1.29,-0.61,3.65,3.61,3.2,-24.77,13782.65,305,50.16,1.22,0,0,0,127.3730669
30/9/2017,39.5,107.3,98.61,98.4,88.8,99.2,98.92,33.1503,"720,913,936,816",97.4,6.15E+11,99.88713332,27.41666667,126.1027363,1.5,7692204.5,1673.16,0,1.06E+11,0.86,9.12,0.3,4.47,4.24,4.2,-15.9,13864.21,305,53.32,1.19,0,0,0,131.1690037
31/10/2017,39.7,106.8,98.76,98.4,89.3,98.9,99.01,33.251,"657,303,942,624",97.88,6.59E+11,98.91213223,27.33387097,124.2335085,1.5,7669619.59,1721.37,0,-1696057376,0.86,9.07,-0.2,4.44,4.02,4.2,-15.9,13920.72,305,55.45,1.19,0,0,0,124.7475329
30/11/2017,40,106.6,98.83,98.9,90.2,98.9,99.06,32.9273,"705,102,106,932",96.86,6.51E+11,98.93420858,28.07,125.7728763,1.5,7700313.37,1697.39,0,54102106932,0.99,12.04,0.2,6.37,4.55,3.6,-15.9,14183.1,305,60.68,1.19,0,0,0,123.7379037
31/12/2017,40.6,106.7,98.75,99.3,90.9,98.7,99.08,32.6658,"641,942,709,330",96.24,6.57E+11,96.40606602,28.01774194,130.2290495,1.5,7815537.31,1753.71,0,-15057290670,0.78,3.84,-0.8,6.57,4.42,3,-15.9,13736.38,305,61.1,1.12,0,0,0,124.1657181
31/1/2018,41,107.5,98.82,100.1,92.2,99.2,99.11,31.8885,"655,101,293,051",95.96,6.64E+11,96.8029473,28.19516129,136.6115082,1.5,7824261,1826.86,0,-8898706949,0.68,4.59,-1.39,6.71,4.82,2.8,-15.9,13849.31,307,66.14,1.12,0,0,0,124.3812946
28/2/2018,40.3,107.5,98.6,100.3,92.4,99.1,99.18,31.4703,"646,578,907,123",94.95,6.24E+11,97.8753092,27.77142857,137.6190655,1.5,7830128.7,1830.13,0,22578907123,0.42,-0.25,-2.27,6.21,4.48,2.9,-15.9,13765.31,307,62.52,1.12,0,0,0,126.0347053
31/3/2018,40,107.4,98.51,100.6,92.7,99.2,99.22,31.2644,"706,017,953,381",94.35,6.65E+11,99.04206624,27.64677419,132.4664406,1.5,7847441.51,1776.26,0,41017953381,0.79,3.9,-1.49,6.8,4.79,2.7,-15.9,13678.5,307,62.7485,1.24,0,0,0,131.3279523
30/4/2018,39.4,107.2,98.95,101,93.1,99.8,99.25,31.3136,"590,549,745,667",96.05,6.33E+11,98.55799183,28.18666667,133.8918475,1.5,7855823.5,1780.11,0,-42450254333,1.07,9.14,-0.6,6.4,4.66,2.7,-15.9,13867.99,307,68.41,1.24,0,0,0,128.2881274
31/5/2018,37.8,107.3,99.5,101.2,93.7,100.7,99.41,31.9729,"694,620,616,944",96.67,6.59E+11,98.67277159,29.38870968,134.3493425,1.5,7871557.47,1726.97,0,35620616944,1.49,-6.2,0.8,7.33,4.65,3.8,-15.9,13529.33,307,74.37,1.24,0,0,0,130.7163885
30/6/2018,36.27187723,108.1,99.42,100.9,93.7,100.7,99.52,32.4635,"697,272,498,317",95.99,6.49E+11,96.95099172,29.25,135.3144991,1.5,7952401.13,1595.58,0,48272498317,1.38,-8.1,1.92,7.83,4.24,4.4,-15.9,14051.65,307,73.48,1.07,0,0,0,129.3288332
31/7/2018,37.1,108.8,99.37,100.6,93.2,100.6,99.56,33.2661,"659,251,899,703",95.06,6.81E+11,95.1351791,29.48870968,126.9083414,1.5,7913922.27,1701.79,0,-21748100297,1.46,-3.89,2.34,6.88,3.71,4.7,-15.9,14079.85,307,72.95,1.07,0,0,0,126.964728
31/8/2018,37.6,109.2,99.63,100.6,93.3,100.4,99.57,33.0306,"756,319,392,237",96.18,7.81E+11,95.96957618,29.84354839,125.0995408,1.5,7754310.05,1721.58,0,-24680607763,1.62,-2.08,1.93,6.02,2.97,3.3,-15.9,14000.12,307,72.8,1.07,0,0,0,123.7565672
30/9/2018,38,108.9,99.92,100.8,93.8,100.8,99.71,32.6228,"678,684,471,107",96.27,6.64E+11,94.23943041,30.73666667,124.524515,1.5,7653876.09,1756.41,0,14684471107,1.33,-3.8,1.61,5.63,2.44,1.5,-15.9,14204.56,307,76.64,0.96,0,0,0,124.1782927
31/10/2018,35.5,108.1,99.98,100.9,94.2,101,99.75,32.765,"701,611,573,525",96.43,7.16E+11,93.30885216,30.86612903,127.6847566,1.5,7797701.78,1669.09,0,-14388426475,1.23,-10.58,2.12,5.49,2.54,1.2,-15.9,14159.08,307,79.2,0.96,0,0,0,124.4647687
30/11/2018,36.03008775,108,99.76,100.4,92.3,100.1,99.75,32.9655,"687,806,257,909",97.17,7.28E+11,92.19553425,29,125.8884942,1.5,7745491,1641.8,0,-40193742091,0.94,-10,1.21,2.33,1.52,1.3,-15.9,14221.13,307,65.68,0.96,0,0,0,121.8827106
31/12/2018,37.3,107.2,99.1,100,91.3,98.7,99.76,32.7054,"634,485,160,237",96.35,6.00E+11,92.24960346,27.11129032,123.0895268,1.75,7759691.99,1563.88,0,34485160237,0.36,-8.13,0,0.44,0.7,0.5,-15.9,13848.66,307,57.26,0.93,0,0,0,122.7104381
31/1/2019,50.5,107.2,99.08,100.3,91.8,98.5,99.8,31.8109,"615,996,193,745",97.05,7.56E+11,93.31506032,26.33064516,124.91861,1.75,7549038.11,1641.73,0,-1.40E+11,0.27,23.17,-0.71,-0.43,0.2,-0.3,-11.6,14181.38,320,58.94,0.93,0,0,0,123.795979
28/2/2019,51.5,107.4,99.32,100.7,92.8,98.8,99.78,31.2999,"680,352,322,955",97.46,5.58E+11,94.00982725,26.96428571,134.632466,1.75,7678274.37,1653.48,0,1.22E+11,0.73,27.79,-0.3,0.43,0.4,-0.1,-11.6,13898.84,320,64.34,0.93,0,0,0,126.2233733
31/3/2019,52,107.7,99.73,101.1,93.1,99.7,99.8,31.7229,"665,310,211,740",97.89,6.09E+11,93.15841497,28.46935484,136.3353955,1.75,7785483.86,1638.65,0,56310211740,1.24,30,0.5,0.43,0.5,0.3,-11.6,13982.17,320,66.8,0.92,0,0,0,128.4806461
30/4/2019,51.3,107.9,100.17,101.3,93.7,100.6,99.85,31.8489,"582,941,522,882",99.23,6.34E+11,93.61137017,29.55,139.5837228,1.75,7809071.56,1673.52,0,-51058477118,1.23,30.2,0.8,0.64,0.3,0.7,-11.6,14558.15,320,70.9,0.92,0,0,0,127.9026218
31/5/2019,51.2,107.6,100.64,101.2,93.5,100.9,99.95,31.7936,"663,253,085,171",101.78,6.63E+11,94.26766426,29.40483871,138.827981,1.75,7783174.09,1620.22,0,253085171,1.15,35.45,0.2,-0.21,0,0.3,-11.6,14091.99,320,69.56,0.92,0,0,0,131.9173043
30/6/2019,48.1,107.2,100.28,101.1,93.1,100,100,31.1244,"676,650,344,182",102.08,5.80E+11,95.40499303,27.49,141.3356236,1.75,7693422.31,1730.34,0,96650344182,0.87,32.51,-0.7,-0.64,0.2,-0.8,-11.6,14393.49,320,61.53,0.98,0,0,0,136.5891879
31/7/2019,47.8,106.6,100.34,101.2,93.6,99.7,99.97,30.7936,"655,824,603,939",101.83,6.58E+11,95.14701488,28.03709677,147.5276687,1.75,7710461.91,1711.97,0,-2175396061,0.98,28.84,-0.89,0.43,0.6,-2,-11.6,14552.47,320,62.97,0.98,0,0,0,130.4583024
31/8/2019,47.2,106.7,100.15,100.9,93,98.9,100.06,30.7695,"671,670,577,047",101.13,6.13E+11,94.08417736,27.52419355,133.3648696,1.5,7736451.15,1654.92,0,58670577047,0.52,25.53,-1.49,-0.32,0.3,-2.3,-11.6,14096.55,320,58.97,0.98,0,0,0,126.981717
30/9/2019,46,105.9,100.24,101.1,93.2,99.1,100.15,30.5737,"623,787,141,272",101.19,5.93E+11,93.36863477,27.52333333,134.7311206,1.5,7755920.38,1637.22,0,30787141272,0.32,21.05,-1.69,-0.64,0.3,-2.8,-11.6,14242.26,320,61.16,1.04,0,0,0,126.9439846
31/10/2019,46.3,104.7,100.09,100.7,92.9,98.6,100.19,30.3675,"628,698,950,601",100.89,6.21E+11,95.24734977,26.96612903,131.9976236,1.5,7762847.1,1601.49,0,7698950601,0.11,30.42,-2.38,-1.38,-0.2,-3.1,-11.6,14351.25,320,59.58,1.04,0,0,0,125.6355514
30/11/2019,44.5,104.7,99.96,100.7,93.5,98.3,100.21,30.2431,"589,746,095,472",99.86,5.81E+11,98.62617561,27.02666667,126.8895228,1.25,7686948.64,1590.59,0,8746095472,0.21,23.61,-1.8,1.3,0.3,-3.1,-11.6,14160.22,320,62.07,1.04,0,0,0,127.4610515
31/12/2019,44.5,105,99.97,101.1,93.6,98.6,100.24,30.2233,"574,169,343,256",99.57,5.61E+11,101.0067847,26.89516129,131.2147525,1.25,7802744.48,1579.84,0,13169343256,0.87,19.3,-0.1,2.52,1.1,-2.1,-11.6,14122.12,320,65.01,0.98,0,0,0,129.5456072
31/1/2020,44.1,105.4,100.13,101,93.7,99.4,100.26,30.4348,"588,919,991,828",100.39,6.38E+11,102.5151015,26.41129032,133.351218,1.25,8200710.4,1514.14,23,-49080008172,1.05,-12.67,0.91,2.07,0.7,-1.7,-11.6,14513.61,320,64.42761905,0.98,23,0,1,134.878882
29/2/2020,43.1,105.2,100.05,100.5,92.2,99.2,100.35,31.3354,"626,775,527,766",100.85,5.07E+11,99.41898468,25.77068966,126.0028938,1,8264716.65,1340.52,19,1.20E+11,0.74,-16.31,0.4,-0.65,-0.2,-2,-11.6,14061.07,320,54.39,0.98,19,-4,0,136.9045511
31/3/2020,37.5,104.6,99.19,99.5,89.2,98,100.33,32.0876,"692,043,591,298",100.3,6.46E+11,95.17723882,21.89193548,120.1138025,0.75,8531616.76,1125.86,1609,46043591298,-0.54,-27.88,-1.71,-4.19,-1.58,-2.9,-11.6,14623.21,320,33.84,1.03,1609,1590,1,139.3401753
30/4/2020,33.3,103.6,97.17,98.9,86.9,96.3,100.26,32.6378,"614,122,638,973",100.53,5.37E+11,92.52687559,17.53333333,115.1923815,0.75,8577739.4,1301.66,1303,77122638973,-2.99,-35.09,-4.27,-7.26,-2.37,-4,-11.6,14623.21,320,20.52,1.03,1303,-306,0,132.2414112
31/5/2020,38.1,103.5,97.18,98.9,88.7,96,99.96,32.0417,"524,789,498,556",100.52,4.44E+11,91.13536059,19.09193548,121.6434664,0.5,8440024.91,1342.85,127,80789498556,-3.44,-25.59,-4.86,-5.13,-2.27,-3.8,-11.6,14623.21,320,30.88,1.03,127,-1176,0,127.8352504
30/6/2020,42.5,104.1,98.7,99.6,90.5,96.8,99.95,31.1625,"521,707,663,117",100.97,4.75E+11,93.25584335,21.40666667,132.1132583,0.5,8218190.1,1339.03,90,46707663117,-1.57,-11.64,-3.2,-2.79,-1.48,-2.9,-11.6,14623.21,320,41,1.95,90,-37,0,130.2762939
31/7/2020,41,104.7,99.36,100.2,91.4,97.3,100.36,31.4142,"580,105,293,350",101.86,4.81E+11,94.04145171,21.63064516,139.1746761,0.5,8569656.08,1328.53,139,99105293350,-0.98,-14.23,-2.41,-2.35,-0.99,-1.8,-11.6,14657.05,320,43.47777778,1.95,139,49,1,132.8464089
31/8/2020,43,104.4,99.65,100.5,92.2,97.9,100.36,31.215,"634,043,530,021",103.59,4.99E+11,95.91594445,21.81451613,148.9062873,0.5,8620517.02,1310.66,102,1.35E+11,-0.5,-8.9,-1.01,-0.86,-0.4,-2.2,-11.6,14580.52,320,44.18,1.95,102,-37,0,136.5705192
30/9/2020,45.1,104.6,99.54,100.5,91.9,97.8,100.4,31.3511,"611,378,687,016",103.4,5.42E+11,98.01149789,21.73333333,152.2419232,0.5,8714031.25,1237.04,152,69378687016,-0.7,-1.96,-1.31,-1.39,-0.59,-1.2,-12.43,14624.21,320,41.4245,1.9,152,50,1,138.8374507
31/10/2020,44.6,104.9,99.59,100.6,91.7,98,100.38,31.2705,"600,341,448,947",103.53,5.39E+11,101.376381,21.70806452,151.1801754,0.5,8527934.29,1194.95,216,61341448947,-0.5,-3.67,-0.61,-1.29,-0.1,0.2,-12.43,14836.22,320,40.74,1.9,216,64,1,141.0487266
30/11/2020,46.3,105.1,99.55,100.9,92.6,97.8,100.39,30.477,"586,751,266,936",102.94,5.89E+11,105.5860013,21.56333333,158.2873692,0.5,8491494.15,1408.31,218,-2248733064,-0.41,4.04,-0.51,-0.96,0.2,0.4,-12.43,14483.88,320,43.5447619,1.9,218,2,1,139.7238698
31/12/2020,46.3,105.8,99.7,101.2,94.4,98.1,100.44,30.0965,"602,588,475,135",101.81,5.77E+11,108.5968396,22.60806452,179.930539,0.5,8598301.72,1449.35,2886,25588475135,-0.27,4.04,-0.51,0.85,0.1,0.8,-12.43,14419.08,320,49.87157895,1.86,2886,2668,1,144.1325089
31/1/2021,43.2,109.3,99.79,101.9,95.8,98.8,100.47,30.0059,"589,185,373,151",100.95,5.97E+11,113.5255332,23.79193548,189.7148564,0.5,8595309.19,1466.98,11898,-7814626849,-0.34,-2.04,-0.6,2.24,0.89,3.7,-15.32,14386,320,54.91611111,1.86,11898,9012,1,143.7699448
28/2/2021,45.48653178,109.7,98.88,102.5,97.5,99.3,100.39,29.9816,"601,075,104,334",99.46,6.03E+11,116.5705107,25.32142857,193.5298404,0.5,8547006.19,1496.78,7169,-1924895666,-1.17,5.57,0.1,5.75,1.99,4.3,-15.32,14386,320,60.61,1.86,7169,-4729,0,148.4746548
31/3/2021,47.5,110.2,99.11,103,98.7,100.5,100.42,30.7836,"716,788,725,281",99.24,6.99E+11,119.2293297,26.54677419,199.0061655,0.5,8724016.94,1587.21,2912,17788725281,-0.08,26.67,2.55,10.65,3.52,5.4,-15.32,14386,320,64.51,1.96,2912,-4257,0,156.0342865
30/4/2021,43.5,112.3,100.48,102.8,98.3,101.1,100.56,31.333,"655,821,564,807",100.64,6.50E+11,122.0662694,26.81666667,207.9107889,0.5,8767975.22,1583.13,36290,5821564807,3.41,30.63,4.98,13.12,3.94,8.4,-15.32,14600.92,320,63.03,1.96,36290,33378,1,148.9162189
31/5/2021,41.59951203,114.6,99.55,103.2,99.6,101.6,100.45,31.2956,"715,930,924,962",100.1,6.93E+11,128.1255587,27.60483871,229.6803257,0.5,8871297.94,1593.59,94639,22930924962,2.44,9.19,5.83,12.29,4.35,10.7,-15.32,14600.92,320,66.7,1.96,94639,58349,1,146.3162668
30/6/2021,42.66250473,114.6,99.93,103.4,101,102.1,100.47,31.437,"739,426,712,661",100.77,7.13E+11,125.2776346,28.29666667,237.4074596,0.5,8969152.66,1587.79,99509,26426712661,1.25,0.47,5.48,11.6,3.82,10.1,-15.32,14600.92,320,71.73,1.89,99509,4870,1,144.2282581
31/7/2021,36.7,112.9,99.81,103.5,101.5,102.2,100.5,32.6061,"708,583,064,087",100.25,6.99E+11,124.5648584,29.48548387,237.8476132,0.5,9201395.81,1521.92,337986,9583064087,0.45,-10.49,5.04,11.05,3.29,7.8,-15.32,14655.51,320,73.08,1.89,337986,238477,1,133.8178085
31/8/2021,37.21849153,113.6,99.63,103.4,100.8,102.7,100.43,33.1177,"715,391,285,913",99.73,7.58E+11,127.9581359,29.53387097,212.3255429,0.5,9124897.1,1638.75,607442,-42608714087,-0.02,-13.49,4.9,9.33,2.89,8.8,-15.32,14655.51,320,69.55,1.89,607442,269456,1,127.752665
30/9/2021,42.11810898,113.6,101.21,103.7,102.2,103,100.59,33.0298,"762,972,696,351",100.14,7.46E+11,129.1891923,29.71666667,191.4696898,0.5,9403046.34,1605.68,398746,16972696351,1.68,-6.65,5.32,11.21,3.18,8.6,-15.32,14655.51,320,72.56,2.25,398746,-208696,0,128.1205924
31/10/2021,43.4,115.4,101.96,104.6,104.6,104.8,100.59,33.4825,"751,246,998,759",101.97,7.64E+11,133.2243685,31.49193548,195.7402094,0.5,9258662.12,1623.43,308549,-12753001241,2.38,-2.69,6.94,14.07,3.98,10,-15.32,14892.27,320,81.6,2.25,308549,-90197,0,129.7516276
30/11/2021,45.23959366,116,102.25,104.8,104.9,106.1,100.68,33.0887,"785,913,775,538",102.72,7.52E+11,135.3148529,32.03,179.5071847,0.5,9370734.25,1568.69,203848,33913775538,2.71,-2.38,8.49,13.28,3.87,10.4,-15.32,14892.27,320,81.4,2.25,203848,-104701,0,135.4209308
31/12/2021,46.95031864,115.2,101.86,104.7,104.3,105.7,100.73,33.5636,"826,603,698,563",102.38,8.52E+11,133.6911031,30.64354839,190.1999187,0.5,9319090.28,1657.62,107563,-25396301437,2.17,1.51,7.75,10.49,3.46,8.9,-15.32,14892.27,320,73.12,1.64,107563,-96285,0,141.0194417
31/1/2022,44.62303796,116,103.01,105.5,106.6,107.4,100.99,33.2401,"708,312,297,045",104.03,8.03E+11,135.5941858,32.58225806,208.7369445,0.5,9230714.9,1648.81,217107,-94687702955,3.23,3.24,8.7,11.27,3.53,6.4,1.39,15052.37,320,83.6,1.64,217107,109544,1,150.1126138
28/2/2022,44.62303796,117.1,104.1,106.4,109.3,108.6,102.2,32.6739,"770,818,834,767",103.11,7.77E+11,141.0698798,35.425,216.4781272,0.5,9056832.44,1685.18,451385,-6181165233,5.28,-1.98,9.37,12.1,3.8,6.7,1.39,15052.37,320,91.82,1.64,451385,234278,1,148.7940933
31/3/2022,43.81142669,119.7,104.79,107.6,113,112,102.43,33.2447,"922,313,302,315",102.42,8.87E+11,159.713477,39.02419355,233.3980903,0.5,9089949.07,1695.24,736420,35313302315,5.73,-7.79,11.44,14.49,4.47,8.6,1.39,15052.37,320,111.06,1.53,736420,285035,1,169.7675793
30/4/2022,45.74882856,122.2,105.15,108,112.4,114,102.57,33.8126,"782,146,104,114",104.13,8.56E+11,158.43594,38.85,231.3961877,0.5,8949839.65,1667.44,622602,-73853895886,4.65,5.06,12.76,14.34,5.06,8.8,1.39,15405.18,320,102.55,1.53,622602,-113818,0,164.0667427
31/5/2022,44.65547494,122.1,106.62,108.4,113.9,115.1,102.74,34.4105,"854,371,587,029",105.93,9.29E+11,157.9375962,42.01774194,207.8636723,0.5,8889237.96,1663.41,199508,-74628412971,7.1,7.45,13.29,14.36,5.04,6.5,24.77,15405.18,320,107.86,1.53,199508,-423094,0,159.6436713
